PAPERID,arxiv,PDFURL
3,Yes,https://arxiv.org/abs/1804.11046
4,Yes,https://arxiv.org/abs/1811.08803
5,Yes,https://arxiv.org/abs/1811.08919
9,Yes,https://arxiv.org/abs/1811.08592
13,No,
14,No,ML4H/2018/14
15,Yes,"on hold, https://arxiv.org/submit/2489241/view"
16,No,
17,Yes,https://arxiv.org/abs/1811.11145
18,Yes,https://arxiv.org/abs/1811.06498
18,Yes,https://arxiv.org/abs/1811.06498
18,Yes,https://arxiv.org/abs/1811.06498v2
19,Yes,http://arxiv.org/abs/1812.01087
21,Yes,https://arxiv.org/abs/1811.10419
23,Yes,http://arxiv.org/abs/1811.06083
27,Yes,https://arxiv.org/abs/1812.00884
28,Yes,https://arxiv.org/abs/1811.10799
29,Yes,submit/2473099
31,Yes,https://arxiv.org/abs/1811.09417
32,Yes,https://arxiv.org/abs/1810.10566
33,Yes,https://arxiv.org/abs/1811.08943
35,Yes,https://arxiv.org/abs/1811.09317
36,Yes,https://arxiv.org/abs/1811.10746
37,Yes,https://arxiv.org/abs/1811.11005
38,Yes,https://arxiv.org/abs/1811.11818
39,Yes,https://arxiv.org/abs/1811.09956
41,Yes,https://arxiv.org/abs/1811.09602
42,No,ML4H/2018/42
42,Yes,https://link.springer.com/chapter/10.1007/978-3-030-00934-2_57
48,No,ML4H/2018/48
49,Yes,https://arxiv.org/abs/1811.12234
52,Yes,ML4H/2018/52
53,Yes,https://arxiv.org/abs/1811.12323
54,Yes,https://arxiv.org/pdf/1811.11400.pdf
55,Yes,https://arxiv.org/abs/1811.12227
56,Yes,https://arxiv.org/abs/1812.00259
62,No,ML4H/2018/62
63,Yes,https://arxiv.org/abs/1811.08633
64,Yes,
65,Yes,https://arxiv.org/abs/1810.13043
66,Yes,https://arxiv.org/abs/1811.06106
69,Yes,https://arxiv.org/abs/1811.12793
70,Yes,https://arxiv.org/abs/1811.09350
70,Yes,https://arxiv.org/abs/1811.09350
75,Yes,https://arxiv.org/abs/1811.08840
77,Yes,https://arxiv.org/abs/1705.08078
78,Yes,https://arxiv.org/abs/1812.00169
79,Yes,https://arxiv.org/abs/1811.09782
80,No,ML4H/2018/80
81,Yes,https://arxiv.org/abs/1811.10501
82,Yes,https://arxiv.org/abs/1811.12194
83,Yes,https://arxiv.org/abs/1811.11958
84,Yes,https://arxiv.org/abs/1812.00509
87,Yes,https://arxiv.org/abs/1811.10958
88,Yes,https://arxiv.org/abs/1812.01281
89,Yes,https://arxiv.org/abs/1811.09714
90,Yes,https://arxiv.org/abs/1812.00463
92,Yes,https://arxiv.org/abs/1811.09673
93,Yes,https://arxiv.org/abs/1812.06594
94,Yes,ML4H/2018/94
97,Yes,https://arxiv.org/abs/1812.00209
102,Yes,http://arxiv.org/abs/1811.10455
103,Yes,http://arxiv.org/abs/1811.11674
104,Yes,https://arxiv.org/abs/1811.11945
105,Yes,https://arxiv.org/abs/1811.08579
107,Yes,https://arxiv.org/abs/1812.00418
108,Yes,
110,Yes,https://arxiv.org/submit/2488873
111,Yes,https://arxiv.org/abs/1812.00531
112,Yes,Submitted to arXiv. Temporary ID: submit/2493414. ML4Health report number: ML4H/2018/112
113,Yes,submit/2493625Â 
114,Yes,https://arxiv.org/abs/1811.10111
114,Yes,http://arxiv.org/abs/1811.10111
121,Yes,https://arxiv.org/abs/1811.12589
122,Yes,https://arxiv.org/abs/1810.09043
124,Yes,
129,Yes,https://arxiv.org/abs/1812.00448
131,Yes,submit/2492608 [Apologies - will have a number of 4 Dec 2018. Report Number ML4H/2018/131]
132,No,
133,Yes,https://arxiv.org/abs/1811.11190
134,Yes,https://arxiv.org/abs/1811.05817
134,Yes,https://arxiv.org/abs/1811.05817
138,Yes,138
143,Yes,https://arxiv.org/abs/1812.00268
144,Yes,https://arxiv.org/abs/1811.10520
145,Yes,https://arxiv.org/abs/1812.00528
147,Yes,https://arxiv.org/abs/1811.12254
154,Yes,https://arxiv.org/abs/1811.09950
155,Yes,https://arxiv.org/abs/1812.00058
156,No,ML4H/2018/156
158,Yes,https://arxiv.org/abs/1811.12938
161,Yes,https://arxiv.org/pdf/1811.12276.pdf
163,No,ML4H/2018/163
166,No,ML4H/2018/166
169,Yes,http://arxiv.org/abs/1812.06932
171,Yes,https://arxiv.org/abs/1812.00490
172,Yes,https://arxiv.org/abs/1812.00415
174,Yes,https://arxiv.org/abs/1812.01063
176,Yes,https://arxiv.org/abs/1812.00475
185,Yes,https://arxiv.org/abs/1812.00506
186,Yes,https://arxiv.org/abs/1812.00172
188,Yes,https://arxiv.org/abs/1812.00210
189,Yes,https://arxiv.org/abs/1811.12583
191,No,ML4H/2018/191
193,Yes,https://arxiv.org/abs/1811.11920
197,Yes,https://arxiv.org/abs/1812.00441
200,Yes,https://arxiv.org/abs/1811.10376
201,Yes,https://arxiv.org/abs/1811.04344
202,Yes,https://arxiv.org/abs/1812.01484
204,Yes,https://arxiv.org/abs/1812.00572
206,Yes,https://arxiv.org/abs/1812.00546
207,Yes,https://arxiv.org/submit/2493597
209,Yes,https://arxiv.org/abs/1812.00497
210,Yes,https://arxiv.org/abs/1811.11996
211,Yes,ML4H/2018/211
212,Yes,ML4H/2018/212
213,No,
214,Yes,https://arxiv.org/abs/1801.08640
215,Yes,https://arxiv.org/abs/1811.08615
216,No,
222,Yes,https://arxiv.org/abs/1812.00596
223,Yes,https://arxiv.org/abs/1811.12488
224,Yes,https://arxiv.org/abs/1812.01547
226,Yes,ML4H/2018/226
227,Yes,ML4H/2018/227
230,Yes,ML4H/2018/230
232,Yes,https://arxiv.org/abs/1811.08040
234,Yes,https://arxiv.org/abs/1811.12638
235,Yes,https://arxiv.org/abs/1812.00883